{"cameraMode":{"drawMode":0,"name":"Shaded","section":"Shading Mode"},"sceneLighting":false,"audioPlay":false,"sceneViewState":{"m_AlwaysRefresh":false,"showFog":true,"showSkybox":false,"showFlares":true,"showImageEffects":true,"showParticleSystems":true,"showVisualEffectGraphs":true,"m_FxEnabled":true},"in2DMode":false,"pivot":{"x":5.200995445251465,"y":3.0799999237060549,"z":4.139999866485596},"rotation":{"x":0.23220513761043549,"y":-0.08165202289819718,"z":0.028810923919081689,"w":0.9696967005729675},"size":0.949722409248352,"orthographic":false}