{"cameraMode":{"drawMode":0,"name":"Shaded","section":"Shading Mode"},"sceneLighting":false,"audioPlay":false,"sceneViewState":{"m_AlwaysRefresh":false,"showFog":true,"showSkybox":false,"showFlares":true,"showImageEffects":true,"showParticleSystems":true,"showVisualEffectGraphs":true,"m_FxEnabled":true},"in2DMode":false,"pivot":{"x":6.092911720275879,"y":0.019999999552965165,"z":-15.569999694824219},"rotation":{"x":-0.23457030951976777,"y":-0.45677173137664797,"z":0.12587229907512666,"w":-0.8490110039710999},"size":3.5425374507904054,"orthographic":false}